word,asterisks,level
a,1,star1_elementary
abandon,0,none
able,2,star2_mid_high_common
aboard,0,none
abort,0,none
abound,0,none
about,1,star1_elementary
above,1,star1_elementary
abroad,0,none
absent,0,none
absolute,2,star2_mid_high_common
absorb,0,none
abstract,0,none
absurd,0,none
abuse,0,none
academy,0,none
accelerate,0,none
accent,2,star2_mid_high_common
accept,2,star2_mid_high_common
access,2,star2_mid_high_common
accident,2,star2_mid_high_common
accommodate,0,none
accompany,0,none
accomplish,0,none
accord,0,none
account,2,star2_mid_high_common
accumulate,0,none
accurate,0,none
accuse,2,star2_mid_high_common
ache,0,none
achieve,2,star2_mid_high_common
acid,0,none
acknowledge,0,none
acquire,0,none
acquisition,0,none
across,1,star1_elementary
act,1,star1_elementary
adapt,2,star2_mid_high_common
add,1,star1_elementary
addict,0,none
address,1,star1_elementary
adequate,0,none
adjust,0,none
administer,0,none
admire,2,star2_mid_high_common
admit,2,star2_mid_high_common
adolescent,0,none
adopt,2,star2_mid_high_common
adult,1,star1_elementary
advance,2,star2_mid_high_common
advantage,2,star2_mid_high_common
adventure,2,star2_mid_high_common
adverse,0,none
advertize,2,star2_mid_high_common
advertise,2,star2_mid_high_common
advice,2,star2_mid_high_common
advise,2,star2_mid_high_common
advocate,0,none
aesthetic,0,none
affair,2,star2_mid_high_common
affect,2,star2_mid_high_common
afford,2,star2_mid_high_common
afraid,1,star1_elementary
after,1,star1_elementary
afternoon,1,star1_elementary
again,1,star1_elementary
against,1,star1_elementary
age,1,star1_elementary
agency,0,none
agenda,0,none
agent,2,star2_mid_high_common
aggress,0,none
ago,1,star1_elementary
agree,1,star1_elementary
agriculture,0,none
ahead,1,star1_elementary
aid,2,star2_mid_high_common
aim,2,star2_mid_high_common
air,1,star1_elementary
airline,2,star2_mid_high_common
airplane,1,star1_elementary
aeroplane,1,star1_elementary
airport,2,star2_mid_high_common
alarm,2,star2_mid_high_common
album,1,star1_elementary
alcohol,2,star2_mid_high_common
alert,0,none
alien,0,none
alike,0,none
alive,2,star2_mid_high_common
all,1,star1_elementary
allocate,0,none
allow,2,star2_mid_high_common
ally,0,none
almost,1,star1_elementary
alone,1,star1_elementary
along,1,star1_elementary
alongside,0,none
aloud,2,star2_mid_high_common
already,1,star1_elementary
alright,1,star1_elementary
also,1,star1_elementary
alter,2,star2_mid_high_common
alternate,0,none
although,2,star2_mid_high_common
altogether,2,star2_mid_high_common
always,1,star1_elementary
amaze,2,star2_mid_high_common
ambassador,0,none
ambition,0,none
ambulance,2,star2_mid_high_common
among,2,star2_mid_high_common
amount,2,star2_mid_high_common
amuse,2,star2_mid_high_common
analysis,2,star2_mid_high_common
analyze,0,none
analyse,0,none
anchor,0,none
ancient,0,none
and,1,star1_elementary
angel,2,star2_mid_high_common
anger,2,star2_mid_high_common
angle,0,none
animal,1,star1_elementary
anniversary,0,none
announce,2,star2_mid_high_common
annoy,2,star2_mid_high_common
annual,2,star2_mid_high_common
another,1,star1_elementary
answer,1,star1_elementary
ant,2,star2_mid_high_common
anticipate,0,none
anxiety,0,none
anxious,2,star2_mid_high_common
any,1,star1_elementary
apart,2,star2_mid_high_common
apartment,1,star1_elementary
apology,0,none
apparent,0,none
appeal,2,star2_mid_high_common
appear,2,star2_mid_high_common
apple,1,star1_elementary
apply,2,star2_mid_high_common
appoint,2,star2_mid_high_common
appreciate,2,star2_mid_high_common
approach,2,star2_mid_high_common
appropriate,2,star2_mid_high_common
approve,0,none
approximate,0,none
architect,0,none
area,1,star1_elementary
argue,2,star2_mid_high_common
arise,0,none
arm,1,star1_elementary
army,2,star2_mid_high_common
around,1,star1_elementary
arrange,2,star2_mid_high_common
arrest,2,star2_mid_high_common
arrive,1,star1_elementary
arrow,0,none
art,1,star1_elementary
article,2,star2_mid_high_common
artifice,0,none
as,1,star1_elementary
aside,2,star2_mid_high_common
ask,1,star1_elementary
asleep,2,star2_mid_high_common
aspect,0,none
aspire,0,none
assault,0,none
assemble,0,none
assert,0,none
assess,2,star2_mid_high_common
asset,0,none
assign,2,star2_mid_high_common
assist,2,star2_mid_high_common
associate,2,star2_mid_high_common
assume,2,star2_mid_high_common
assure,0,none
astonish,0,none
at,1,star1_elementary
athlete,0,none
atmosphere,2,star2_mid_high_common
atom,0,none
attach,2,star2_mid_high_common
attack,2,star2_mid_high_common
attempt,2,star2_mid_high_common
attend,2,star2_mid_high_common
attention,2,star2_mid_high_common
attitude,2,star2_mid_high_common
attract,2,star2_mid_high_common
attribute,0,none
auction,0,none
audience,2,star2_mid_high_common
aunt,1,star1_elementary
authentic,0,none
author,0,none
automatic,2,star2_mid_high_common
autumn,1,star1_elementary
avail,0,none
average,2,star2_mid_high_common
avoid,2,star2_mid_high_common
await,0,none
awake,2,star2_mid_high_common
award,2,star2_mid_high_common
aware,2,star2_mid_high_common
away,1,star1_elementary
awe,0,none
awkward,2,star2_mid_high_common
baby,1,star1_elementary
back,1,star1_elementary
background,2,star2_mid_high_common
bacon,2,star2_mid_high_common
bad,1,star1_elementary
badminton,1,star1_elementary
bag,1,star1_elementary
bake,1,star1_elementary
balance,2,star2_mid_high_common
ball,1,star1_elementary
balloon,2,star2_mid_high_common
ban,0,none
banana,1,star1_elementary
band,2,star2_mid_high_common
bang,2,star2_mid_high_common
bank,1,star1_elementary
bankrupt,0,none
bar,2,star2_mid_high_common
bare,2,star2_mid_high_common
bargain,0,none
bark,2,star2_mid_high_common
barrier,0,none
base,1,star1_elementary
baseball,1,star1_elementary
basis,2,star2_mid_high_common
basket,1,star1_elementary
basketball,1,star1_elementary
bat,1,star1_elementary
bath,1,star1_elementary
battery,2,star2_mid_high_common
battle,2,star2_mid_high_common
bay,2,star2_mid_high_common
be,1,star1_elementary
beach,1,star1_elementary
beam,0,none
bean,2,star2_mid_high_common
bear,1,star1_elementary
beard,0,none
beast,0,none
beat,2,star2_mid_high_common
beauty,1,star1_elementary
because,1,star1_elementary
become,1,star1_elementary
bed,1,star1_elementary
bee,1,star1_elementary
beef,1,star1_elementary
beer,2,star2_mid_high_common
before,1,star1_elementary
beg,2,star2_mid_high_common
begin,1,star1_elementary
behalf,0,none
behave,0,none
behind,1,star1_elementary
belief,2,star2_mid_high_common
believe,1,star1_elementary
bell,1,star1_elementary
belong,2,star2_mid_high_common
below,1,star1_elementary
belt,1,star1_elementary
bench,2,star2_mid_high_common
bend,2,star2_mid_high_common
beneath,2,star2_mid_high_common
benefit,2,star2_mid_high_common
beside,1,star1_elementary
bet,2,star2_mid_high_common
betray,0,none
between,1,star1_elementary
beyond,2,star2_mid_high_common
bias,0,none
big,1,star1_elementary
bike,1,star1_elementary
bill,1,star1_elementary
billion,2,star2_mid_high_common
bin,2,star2_mid_high_common
bind,2,star2_mid_high_common
biography,0,none
biology,0,none
bird,1,star1_elementary
birth,1,star1_elementary
biscuit,1,star1_elementary
bit,2,star2_mid_high_common
bite,2,star2_mid_high_common
bitter,2,star2_mid_high_common
black,1,star1_elementary
blame,2,star2_mid_high_common
blank,2,star2_mid_high_common
blanket,2,star2_mid_high_common
blast,0,none
blend,0,none
bless,2,star2_mid_high_common
blind,2,star2_mid_high_common
blink,0,none
block,2,star2_mid_high_common
blonde,2,star2_mid_high_common
blood,1,star1_elementary
bloom,2,star2_mid_high_common
blossom,0,none
blow,2,star2_mid_high_common
blue,1,star1_elementary
board,1,star1_elementary
boat,1,star1_elementary
body,1,star1_elementary
boil,2,star2_mid_high_common
bold,0,none
bomb,2,star2_mid_high_common
bond,2,star2_mid_high_common
bone,1,star1_elementary
book,1,star1_elementary
boom,2,star2_mid_high_common
boost,0,none
boot,2,star2_mid_high_common
border,0,none
bore,2,star2_mid_high_common
borrow,1,star1_elementary
boss,2,star2_mid_high_common
both,1,star1_elementary
bother,2,star2_mid_high_common
bottle,1,star1_elementary
bottom,1,star1_elementary
bounce,2,star2_mid_high_common
boundary,0,none
bow,2,star2_mid_high_common
bowl,2,star2_mid_high_common
box,1,star1_elementary
boy,1,star1_elementary
brain,2,star2_mid_high_common
brake,2,star2_mid_high_common
branch,2,star2_mid_high_common
brand,2,star2_mid_high_common
brave,1,star1_elementary
bread,1,star1_elementary
break,1,star1_elementary
breakfast,1,star1_elementary
breast,2,star2_mid_high_common
breath,2,star2_mid_high_common
breathe,2,star2_mid_high_common
breed,0,none
breeze,0,none
brick,2,star2_mid_high_common
bridge,1,star1_elementary
brief,2,star2_mid_high_common
bright,1,star1_elementary
brilliant,2,star2_mid_high_common
bring,1,star1_elementary
broad,2,star2_mid_high_common
broadcast,0,none
brother,1,star1_elementary
brown,1,star1_elementary
brush,1,star1_elementary
brute,0,none
bubble,2,star2_mid_high_common
budget,2,star2_mid_high_common
bug,2,star2_mid_high_common
build,1,star1_elementary
bulk,0,none
bull,0,none
bully,0,none
bump,2,star2_mid_high_common
bunch,2,star2_mid_high_common
bundle,0,none
burden,0,none
burn,1,star1_elementary
burst,2,star2_mid_high_common
bury,2,star2_mid_high_common
bus,1,star1_elementary
bush,2,star2_mid_high_common
business,1,star1_elementary
busy,1,star1_elementary
but,1,star1_elementary
butcher,0,none
butter,1,star1_elementary
button,1,star1_elementary
buy,1,star1_elementary
buzz,0,none
by,1,star1_elementary
cable,2,star2_mid_high_common
cage,2,star2_mid_high_common
cake,1,star1_elementary
calculate,2,star2_mid_high_common
calendar,2,star2_mid_high_common
call,1,star1_elementary
calm,2,star2_mid_high_common
camera,1,star1_elementary
camp,1,star1_elementary
campaign,1,star1_elementary
can,1,star1_elementary
cancel,0,none
cancer,0,none
candidate,0,none
candy,1,star1_elementary
canvas,0,none
cap,1,star1_elementary
capable,2,star2_mid_high_common
cape,2,star2_mid_high_common
capital,2,star2_mid_high_common
captain,2,star2_mid_high_common
capture,0,none
car,1,star1_elementary
card,1,star1_elementary
care,1,star1_elementary
career,2,star2_mid_high_common
carpet,2,star2_mid_high_common
carrot,1,star1_elementary
carry,1,star1_elementary
cart,2,star2_mid_high_common
carve,0,none
case,1,star1_elementary
cash,1,star1_elementary
cast,2,star2_mid_high_common
castle,2,star2_mid_high_common
cat,1,star1_elementary
catalogue,2,star2_mid_high_common
catalog,2,star2_mid_high_common
catch,1,star1_elementary
category,2,star2_mid_high_common
cater,0,none
cattle,0,none
cause,2,star2_mid_high_common
caution,0,none
cave,0,none
cease,0,none
ceiling,2,star2_mid_high_common
celebrate,0,none
celebrity,0,none
cell,2,star2_mid_high_common
censor,0,none
center,1,star1_elementary
century,2,star2_mid_high_common
certain,1,star1_elementary
certificate,0,none
chain,2,star2_mid_high_common
chair,1,star1_elementary
chairman,2,star2_mid_high_common
challenge,2,star2_mid_high_common
chamber,0,none
champion,2,star2_mid_high_common
chance,1,star1_elementary
change,1,star1_elementary
channel,2,star2_mid_high_common
chaos,0,none
character,2,star2_mid_high_common
characteristic,2,star2_mid_high_common
charge,2,star2_mid_high_common
charity,0,none
charm,2,star2_mid_high_common
chart,2,star2_mid_high_common
chase,2,star2_mid_high_common
chat,2,star2_mid_high_common
cheap,1,star1_elementary
check,1,star1_elementary
cheque,1,star1_elementary
cheek,2,star2_mid_high_common
cheer,2,star2_mid_high_common
cheese,1,star1_elementary
chef,0,none
chemical,0,none
chest,2,star2_mid_high_common
chew,2,star2_mid_high_common
chicken,1,star1_elementary
chief,2,star2_mid_high_common
child,1,star1_elementary
chill,0,none
chin,0,none
chip,2,star2_mid_high_common
chocolate,1,star1_elementary
choice,2,star2_mid_high_common
choir,0,none
choose,1,star1_elementary
chop,2,star2_mid_high_common
chorus,0,none
chronic,0,none
church,1,star1_elementary
cigarette,2,star2_mid_high_common
cinema,2,star2_mid_high_common
circle,1,star1_elementary
circulate,0,none
circumstance,2,star2_mid_high_common
cite,0,none
citizen,2,star2_mid_high_common
city,1,star1_elementary
civil,2,star2_mid_high_common
claim,2,star2_mid_high_common
clap,0,none
clash,0,none
class,1,star1_elementary
clause,0,none
clay,0,none
clean,1,star1_elementary
clear,1,star1_elementary
clerk,2,star2_mid_high_common
clever,1,star1_elementary
click,2,star2_mid_high_common
client,2,star2_mid_high_common
cliff,2,star2_mid_high_common
climate,2,star2_mid_high_common
climb,1,star1_elementary
cling,0,none
clinic,0,none
clip,2,star2_mid_high_common
clock,1,star1_elementary
close,1,star1_elementary
clothes,1,star1_elementary
cloud,1,star1_elementary
club,1,star1_elementary
clue,2,star2_mid_high_common
cluster,0,none
coach,2,star2_mid_high_common
coal,2,star2_mid_high_common
coast,2,star2_mid_high_common
coat,1,star1_elementary
code,2,star2_mid_high_common
coffee,1,star1_elementary
coin,2,star2_mid_high_common
coincide,0,none
cold,1,star1_elementary
collaborate,0,none
collapse,0,none
collar,0,none
colleague,0,none
collect,1,star1_elementary
college,1,star1_elementary
colony,0,none
color,1,star1_elementary
colour,1,star1_elementary
column,0,none
combat,0,none
combine,2,star2_mid_high_common
come,1,star1_elementary
comedy,2,star2_mid_high_common
comfort,2,star2_mid_high_common
comic,1,star1_elementary
command,2,star2_mid_high_common
comment,2,star2_mid_high_common
commerce,2,star2_mid_high_common
commit,0,none
committee,2,star2_mid_high_common
commodity,0,none
common,2,star2_mid_high_common
communicate,2,star2_mid_high_common
communist,0,none
community,2,star2_mid_high_common
companion,0,none
company,1,star1_elementary
compare,2,star2_mid_high_common
compatible,0,none
compel,0,none
compensate,0,none
compete,0,none
compile,0,none
complain,2,star2_mid_high_common
complement,0,none
complete,2,star2_mid_high_common
complex,2,star2_mid_high_common
complicate,2,star2_mid_high_common
component,0,none
compose,0,none
compound,0,none
comprehend,0,none
comprise,0,none
compromise,0,none
compute,1,star1_elementary
conceal,0,none
conceive,0,none
concentrate,2,star2_mid_high_common
concept,2,star2_mid_high_common
concern,2,star2_mid_high_common
concert,2,star2_mid_high_common
conclude,0,none
concrete,0,none
condemn,0,none
condition,1,star1_elementary
conduct,0,none
confer,0,none
confess,0,none
confide,0,none
confine,0,none
confirm,2,star2_mid_high_common
conflict,2,star2_mid_high_common
conform,0,none
confront,0,none
confuse,2,star2_mid_high_common
congratulate,1,star1_elementary
congress,0,none
connect,2,star2_mid_high_common
conscience,0,none
conscious,2,star2_mid_high_common
consent,0,none
conserve,0,none
consider,2,star2_mid_high_common
consist,0,none
constant,2,star2_mid_high_common
constitute,0,none
constrain,0,none
construct,0,none
consult,0,none
consume,2,star2_mid_high_common
contact,2,star2_mid_high_common
contain,2,star2_mid_high_common
contemporary,0,none
contend,0,none
content,2,star2_mid_high_common
contest,2,star2_mid_high_common
context,2,star2_mid_high_common
continent,0,none
continue,2,star2_mid_high_common
contract,2,star2_mid_high_common
contradict,0,none
contrary,0,none
contrast,0,none
contribute,2,star2_mid_high_common
control,1,star1_elementary
controversy,0,none
convene,0,none
converse,2,star2_mid_high_common
convert,0,none
convey,0,none
convict,0,none
convince,2,star2_mid_high_common
cook,1,star1_elementary
cookie,1,star1_elementary
cooky,1,star1_elementary
cool,1,star1_elementary
cooperate,0,none
coordinate,0,none
cop,2,star2_mid_high_common
cope,2,star2_mid_high_common
copy,2,star2_mid_high_common
copyright,0,none
cord,0,none
core,0,none
corn,0,none
corner,1,star1_elementary
corporate,0,none
correct,2,star2_mid_high_common
correspond,0,none
corridor,0,none
corrupt,0,none
cost,1,star1_elementary
costume,0,none
cottage,2,star2_mid_high_common
cotton,2,star2_mid_high_common
cough,2,star2_mid_high_common
could,1,star1_elementary
council,2,star2_mid_high_common
counsel,0,none
count,2,star2_mid_high_common
counterpart,0,none
country,1,star1_elementary
countryside,2,star2_mid_high_common
county,2,star2_mid_high_common
couple,1,star1_elementary
coupon,0,none
courage,0,none
course,1,star1_elementary
court,1,star1_elementary
cousin,1,star1_elementary
cover,1,star1_elementary
cow,1,star1_elementary
crack,2,star2_mid_high_common
craft,0,none
crash,2,star2_mid_high_common
crawl,2,star2_mid_high_common
crayon,1,star1_elementary
craze,0,none
cream,1,star1_elementary
create,2,star2_mid_high_common
credible,0,none
credit,2,star2_mid_high_common
creep,0,none
crew,0,none
crime,2,star2_mid_high_common
crisis,2,star2_mid_high_common
crisp,2,star2_mid_high_common
criterion,0,none
critic,0,none
crop,0,none
cross,1,star1_elementary
crowd,2,star2_mid_high_common
crown,2,star2_mid_high_common
crucial,0,none
cruel,2,star2_mid_high_common
cruise,0,none
crush,0,none
cry,1,star1_elementary
crystal,0,none
cultivate,0,none
culture,1,star1_elementary
cup,1,star1_elementary
cure,2,star2_mid_high_common
curious,2,star2_mid_high_common
curl,2,star2_mid_high_common
currency,0,none
current,2,star2_mid_high_common
curriculum,0,none
curry,0,none
curse,0,none
curtain,1,star1_elementary
curve,0,none
custody,0,none
custom,0,none
customer,1,star1_elementary
cut,1,star1_elementary
cute,2,star2_mid_high_common
cycle,2,star2_mid_high_common
cynical,0,none
dairy,0,none
damage,2,star2_mid_high_common
damp,0,none
dance,1,star1_elementary
danger,1,star1_elementary
dare,2,star2_mid_high_common
dark,1,star1_elementary
darling,2,star2_mid_high_common
dash,0,none
database,0,none
date,1,star1_elementary
datum,0,none
daughter,1,star1_elementary
dawn,2,star2_mid_high_common
day,1,star1_elementary
dead,1,star1_elementary
deal,2,star2_mid_high_common
death,1,star1_elementary
debate,2,star2_mid_high_common
debt,2,star2_mid_high_common
decade,0,none
decay,0,none
decent,0,none
decide,1,star1_elementary
deck,2,star2_mid_high_common
declare,0,none
decline,0,none
decorate,2,star2_mid_high_common
decrease,0,none
dedicate,0,none
deep,1,star1_elementary
defeat,0,none
defend,0,none
defense,2,star2_mid_high_common
defence,2,star2_mid_high_common
deficiency,0,none
deficit,0,none
define,2,star2_mid_high_common
definite,2,star2_mid_high_common
degree,2,star2_mid_high_common
delay,2,star2_mid_high_common
delegate,0,none
delete,0,none
deliberate,0,none
delicate,0,none
delicious,1,star1_elementary
delight,2,star2_mid_high_common
deliver,2,star2_mid_high_common
demand,2,star2_mid_high_common
democracy,0,none
democrat,0,none
demon,0,none
demonstrate,2,star2_mid_high_common
dense,0,none
dentist,2,star2_mid_high_common
deny,2,star2_mid_high_common
depart,0,none
depend,2,star2_mid_high_common
depict,0,none
deposit,0,none
depress,2,star2_mid_high_common
deprive,0,none
derive,0,none
descend,0,none
describe,2,star2_mid_high_common
desert,2,star2_mid_high_common
deserve,2,star2_mid_high_common
design,1,star1_elementary
designate,0,none
desire,2,star2_mid_high_common
desk,1,star1_elementary
despair,0,none
desperate,2,star2_mid_high_common
despite,2,star2_mid_high_common
destine,0,none
destiny,0,none
destroy,2,star2_mid_high_common
destruct,0,none
detach,0,none
detail,2,star2_mid_high_common
detect,2,star2_mid_high_common
determine,2,star2_mid_high_common
develop,2,star2_mid_high_common
device,0,none
devil,0,none
devise,0,none
devote,0,none
diabetes,0,none
dialogue,1,star1_elementary
dialog,1,star1_elementary
diary,2,star2_mid_high_common
dictate,0,none
dictionary,2,star2_mid_high_common
die,1,star1_elementary
diet,2,star2_mid_high_common
differ,0,none
difficult,1,star1_elementary
dig,2,star2_mid_high_common
dignity,0,none
dimension,0,none
diminish,0,none
dine,0,none
dinner,1,star1_elementary
dip,0,none
diplomat,0,none
direct,2,star2_mid_high_common
dirt,2,star2_mid_high_common
disappoint,2,star2_mid_high_common
disaster,0,none
disc,2,star2_mid_high_common
discipline,2,star2_mid_high_common
discourse,0,none
discriminate,0,none
discuss,1,star1_elementary
disgust,2,star2_mid_high_common
dish,2,star2_mid_high_common
dismiss,0,none
display,2,star2_mid_high_common
dispute,0,none
disrupt,0,none
distance,2,star2_mid_high_common
distinct,0,none
distinguish,0,none
distort,0,none
distract,0,none
distribute,0,none
district,2,star2_mid_high_common
disturb,2,star2_mid_high_common
dive,2,star2_mid_high_common
diverse,0,none
divide,2,star2_mid_high_common
divine,0,none
divorce,2,star2_mid_high_common
do,1,star1_elementary
doctor,1,star1_elementary
document,2,star2_mid_high_common
dog,1,star1_elementary
doll,1,star1_elementary
dolphin,2,star2_mid_high_common
domain,0,none
domestic,2,star2_mid_high_common
dominate,0,none
donate,2,star2_mid_high_common
door,1,star1_elementary
dose,0,none
dot,0,none
double,1,star1_elementary
doubt,2,star2_mid_high_common
doughnut,1,star1_elementary
down,1,star1_elementary
dozen,2,star2_mid_high_common
draft,0,none
drag,2,star2_mid_high_common
drain,0,none
drama,2,star2_mid_high_common
draw,1,star1_elementary
dread,0,none
dream,1,star1_elementary
dress,1,star1_elementary
drill,0,none
drink,1,star1_elementary
drive,1,star1_elementary
drop,1,star1_elementary
drown,0,none
drug,2,star2_mid_high_common
drum,1,star1_elementary
dry,1,star1_elementary
dual,0,none
duck,1,star1_elementary
due,2,star2_mid_high_common
dull,0,none
dump,2,star2_mid_high_common
during,1,star1_elementary
dust,2,star2_mid_high_common
duty,2,star2_mid_high_common
dwell,0,none
dynamic,0,none
each,2,star2_mid_high_common
eager,0,none
ear,1,star1_elementary
early,1,star1_elementary
earn,2,star2_mid_high_common
earth,1,star1_elementary
ease,2,star2_mid_high_common
east,1,star1_elementary
eat,1,star1_elementary
economy,2,star2_mid_high_common
edge,2,star2_mid_high_common
edit,2,star2_mid_high_common
educate,2,star2_mid_high_common
effect,2,star2_mid_high_common
efficient,0,none
effort,2,star2_mid_high_common
egg,1,star1_elementary
eight,1,star1_elementary
either,2,star2_mid_high_common
elaborate,0,none
elect,2,star2_mid_high_common
electric,2,star2_mid_high_common
electronic,0,none
elegant,0,none
element,2,star2_mid_high_common
elephant,1,star1_elementary
elevate,0,none
eleven,1,star1_elementary
eliminate,0,none
elite,0,none
else,2,star2_mid_high_common
embarrass,2,star2_mid_high_common
embassy,0,none
embrace,0,none
emerge,0,none
emergency,0,none
emit,0,none
emotion,2,star2_mid_high_common
emphasis,0,none
emphasize,2,star2_mid_high_common
empire,2,star2_mid_high_common
employ,2,star2_mid_high_common
empty,2,star2_mid_high_common
encounter,0,none
end,1,star1_elementary
endure,0,none
enemy,2,star2_mid_high_common
energy,1,star1_elementary
engage,2,star2_mid_high_common
engine,2,star2_mid_high_common
engineer,2,star2_mid_high_common
enhance,0,none
enormous,2,star2_mid_high_common
enough,1,star1_elementary
enter,1,star1_elementary
enterprise,0,none
entertain,2,star2_mid_high_common
enthusiastic,0,none
entire,2,star2_mid_high_common
entry,0,none
envelope,2,star2_mid_high_common
environ,0,none
envy,0,none
equal,2,star2_mid_high_common
equip,0,none
era,0,none
erase,0,none
erect,0,none
err,0,none
escape,2,star2_mid_high_common
especial,2,star2_mid_high_common
essay,2,star2_mid_high_common
essence,0,none
establish,2,star2_mid_high_common
estate,0,none
estimate,2,star2_mid_high_common
ethic,0,none
ethnic,0,none
evacuate,0,none
evaluate,0,none
even,2,star2_mid_high_common
evening,1,star1_elementary
event,2,star2_mid_high_common
ever,2,star2_mid_high_common
every,1,star1_elementary
evidence,2,star2_mid_high_common
evil,2,star2_mid_high_common
evitable,0,none
evolution,0,none
evolve,0,none
exact,2,star2_mid_high_common
exaggerate,0,none
examine,2,star2_mid_high_common
example,1,star1_elementary
exceed,0,none
excel,0,none
except,2,star2_mid_high_common
excess,0,none
exchange,2,star2_mid_high_common
excite,2,star2_mid_high_common
exclude,0,none
excuse,2,star2_mid_high_common
executive,0,none
exercise,1,star1_elementary
exhaust,2,star2_mid_high_common
exhibit,0,none
exist,2,star2_mid_high_common
exit,2,star2_mid_high_common
exotic,0,none
expand,2,star2_mid_high_common
expect,2,star2_mid_high_common
expense,2,star2_mid_high_common
experience,2,star2_mid_high_common
experiment,2,star2_mid_high_common
expert,2,star2_mid_high_common
expertise,0,none
explain,2,star2_mid_high_common
explicit,0,none
explode,0,none
explore,0,none
export,0,none
expose,2,star2_mid_high_common
express,2,star2_mid_high_common
extend,2,star2_mid_high_common
extent,0,none
external,0,none
extinct,0,none
extra,2,star2_mid_high_common
extract,0,none
extraordinary,0,none
extreme,2,star2_mid_high_common
eye,1,star1_elementary
eyebrow,0,none
fabric,0,none
face,1,star1_elementary
facilitate,0,none
facility,0,none
fact,1,star1_elementary
factor,2,star2_mid_high_common
factory,2,star2_mid_high_common
faculty,0,none
fade,0,none
fail,1,star1_elementary
faint,2,star2_mid_high_common
fair,2,star2_mid_high_common
faith,2,star2_mid_high_common
fall,1,star1_elementary
false,0,none
fame,0,none
familiar,2,star2_mid_high_common
family,1,star1_elementary
fan,1,star1_elementary
fancy,2,star2_mid_high_common
fantastic,2,star2_mid_high_common
far,1,star1_elementary
fare,0,none
farm,1,star1_elementary
fascinate,2,star2_mid_high_common
fashion,2,star2_mid_high_common
fast,1,star1_elementary
fasten,0,none
fat,1,star1_elementary
fate,0,none
father,1,star1_elementary
fault,2,star2_mid_high_common
favor,2,star2_mid_high_common
favour,2,star2_mid_high_common
favorite,1,star1_elementary
favourite,1,star1_elementary
fear,2,star2_mid_high_common
feature,2,star2_mid_high_common
federal,0,none
fee,2,star2_mid_high_common
feed,2,star2_mid_high_common
feel,1,star1_elementary
fellow,2,star2_mid_high_common
female,2,star2_mid_high_common
fence,2,star2_mid_high_common
ferry,0,none
fertile,0,none
festival,1,star1_elementary
fever,2,star2_mid_high_common
few,2,star2_mid_high_common
fiber,0,none
fibre,0,none
fiction,0,none
field,1,star1_elementary
fierce,0,none
fight,1,star1_elementary
figure,2,star2_mid_high_common
file,1,star1_elementary
fill,1,star1_elementary
film,1,star1_elementary
filter,0,none
final,2,star2_mid_high_common
finance,2,star2_mid_high_common
find,1,star1_elementary
fine,1,star1_elementary
finger,1,star1_elementary
finish,1,star1_elementary
finite,0,none
fire,1,star1_elementary
firm,2,star2_mid_high_common
first,1,star1_elementary
fish,1,star1_elementary
fit,2,star2_mid_high_common
five,1,star1_elementary
fix,1,star1_elementary
flag,2,star2_mid_high_common
flame,2,star2_mid_high_common
flash,2,star2_mid_high_common
flat,2,star2_mid_high_common
flavor,0,none
flavour,0,none
flaw,0,none
flee,0,none
flesh,0,none
flexible,0,none
flight,2,star2_mid_high_common
flip,0,none
float,2,star2_mid_high_common
flock,0,none
flood,2,star2_mid_high_common
floor,1,star1_elementary
flourish,0,none
flow,2,star2_mid_high_common
flower,1,star1_elementary
flush,0,none
fly,1,star1_elementary
focus,1,star1_elementary
fog,2,star2_mid_high_common
fold,2,star2_mid_high_common
folk,2,star2_mid_high_common
follow,2,star2_mid_high_common
fond,0,none
food,1,star1_elementary
fool,1,star1_elementary
foot,1,star1_elementary
football,1,star1_elementary
for,1,star1_elementary
forbid,0,none
force,2,star2_mid_high_common
forecast,0,none
forehead,0,none
foreign,2,star2_mid_high_common
forest,1,star1_elementary
forever,2,star2_mid_high_common
forget,1,star1_elementary
forgive,2,star2_mid_high_common
fork,1,star1_elementary
form,1,star1_elementary
format,0,none
former,0,none
formula,0,none
forth,2,star2_mid_high_common
fortunate,2,star2_mid_high_common
fortune,2,star2_mid_high_common
forward,2,star2_mid_high_common
foster,0,none
found,2,star2_mid_high_common
fountain,0,none
four,1,star1_elementary
fox,1,star1_elementary
fraction,0,none
frame,2,star2_mid_high_common
framework,0,none
frankly,2,star2_mid_high_common
free,1,star1_elementary
freeze,2,star2_mid_high_common
frequent,0,none
fresh,1,star1_elementary
friend,1,star1_elementary
fright,2,star2_mid_high_common
frog,2,star2_mid_high_common
from,1,star1_elementary
front,1,star1_elementary
frost,0,none
frown,0,none
fruit,1,star1_elementary
frustrate,2,star2_mid_high_common
fry,2,star2_mid_high_common
fuel,0,none
fulfil,0,none
full,1,star1_elementary
fun,1,star1_elementary
function,2,star2_mid_high_common
fund,2,star2_mid_high_common
fundamental,0,none
funeral,0,none
fur,2,star2_mid_high_common
furnish,0,none
furniture,2,star2_mid_high_common
furthermore,0,none
fury,0,none
fuse,0,none
future,1,star1_elementary
gain,2,star2_mid_high_common
gallery,0,none
gamble,0,none
game,1,star1_elementary
gang,0,none
gap,0,none
garage,2,star2_mid_high_common
garden,1,star1_elementary
gas,1,star1_elementary
gasoline,0,none
petrol,0,none
gate,2,star2_mid_high_common
gather,2,star2_mid_high_common
gaze,0,none
gear,2,star2_mid_high_common
gender,0,none
gene,0,none
general,2,star2_mid_high_common
generate,0,none
generous,0,none
genius,0,none
gentle,2,star2_mid_high_common
gentleman,1,star1_elementary
genuine,0,none
geography,0,none
geology,0,none
gesture,2,star2_mid_high_common
get,1,star1_elementary
ghost,2,star2_mid_high_common
giant,2,star2_mid_high_common
gift,2,star2_mid_high_common
giraffe,2,star2_mid_high_common
girl,1,star1_elementary
give,1,star1_elementary
glad,1,star1_elementary
glance,2,star2_mid_high_common
glare,0,none
glass,1,star1_elementary
globe,0,none
glory,2,star2_mid_high_common
glove,2,star2_mid_high_common
glow,0,none
glue,2,star2_mid_high_common
go,1,star1_elementary
goal,1,star1_elementary
goat,0,none
god,1,star1_elementary
gold,1,star1_elementary
golf,2,star2_mid_high_common
good,1,star1_elementary
goodbye,1,star1_elementary
gorgeous,2,star2_mid_high_common
govern,2,star2_mid_high_common
grab,2,star2_mid_high_common
grace,2,star2_mid_high_common
grade,2,star2_mid_high_common
graduate,0,none
grain,0,none
grand,2,star2_mid_high_common
grandfather,1,star1_elementary
grant,2,star2_mid_high_common
grape,1,star1_elementary
graph,2,star2_mid_high_common
grasp,0,none
grass,1,star1_elementary
grateful,0,none
grave,0,none
gray,1,star1_elementary
grey,1,star1_elementary
great,1,star1_elementary
greed,0,none
green,1,star1_elementary
greet,2,star2_mid_high_common
grief,0,none
grip,0,none
grocery,2,star2_mid_high_common
gross,0,none
ground,1,star1_elementary
group,1,star1_elementary
grow,1,star1_elementary
guarantee,2,star2_mid_high_common
guard,2,star2_mid_high_common
guardian,0,none
guess,1,star1_elementary
guest,2,star2_mid_high_common
guide,2,star2_mid_high_common
guideline,0,none
guilt,2,star2_mid_high_common
guitar,1,star1_elementary
gulf,0,none
gum,1,star1_elementary
gun,2,star2_mid_high_common
guy,1,star1_elementary
gymnasium,0,none
gym,0,none
habit,1,star1_elementary
habitat,0,none
hair,1,star1_elementary
half,2,star2_mid_high_common
hall,2,star2_mid_high_common
halt,0,none
hamburger,1,star1_elementary
hammer,0,none
hand,1,star1_elementary
handicap,0,none
handle,2,star2_mid_high_common
handsome,2,star2_mid_high_common
hang,1,star1_elementary
happen,2,star2_mid_high_common
happy,1,star1_elementary
harbor,0,none
harbour,0,none
hard,1,star1_elementary
harm,2,star2_mid_high_common
harmony,0,none
harsh,0,none
harvest,0,none
hat,1,star1_elementary
hate,1,star1_elementary
haunt,0,none
have,1,star1_elementary
hazard,0,none
he,1,star1_elementary
head,1,star1_elementary
headquarters,0,none
heal,0,none
health,2,star2_mid_high_common
hear,2,star2_mid_high_common
heart,1,star1_elementary
heat,1,star1_elementary
heaven,2,star2_mid_high_common
heavy,1,star1_elementary
heel,0,none
height,2,star2_mid_high_common
heir,0,none
helicopter,2,star2_mid_high_common
hell,2,star2_mid_high_common
hello,1,star1_elementary
hey,1,star1_elementary
hi,1,star1_elementary
helmet,1,star1_elementary
help,1,star1_elementary
hence,0,none
here,1,star1_elementary
heritage,0,none
hero,1,star1_elementary
hesitate,2,star2_mid_high_common
hide,2,star2_mid_high_common
hierarchy,0,none
high,1,star1_elementary
highlight,0,none
highway,2,star2_mid_high_common
hike,1,star1_elementary
hill,1,star1_elementary
hint,2,star2_mid_high_common
hire,2,star2_mid_high_common
history,1,star1_elementary
hit,1,star1_elementary
hobby,1,star1_elementary
hold,1,star1_elementary
hole,2,star2_mid_high_common
holiday,1,star1_elementary
holy,0,none
home,1,star1_elementary
homework,1,star1_elementary
honest,1,star1_elementary
honey,2,star2_mid_high_common
honor,2,star2_mid_high_common
honour,2,star2_mid_high_common
hook,0,none
hope,1,star1_elementary
horizon,0,none
horror,0,none
horse,1,star1_elementary
hospital,1,star1_elementary
host,0,none
hostile,0,none
hot,1,star1_elementary
hotel,2,star2_mid_high_common
hour,1,star1_elementary
house,1,star1_elementary
household,0,none
how,1,star1_elementary
however,1,star1_elementary
hug,2,star2_mid_high_common
huge,2,star2_mid_high_common
human,1,star1_elementary
humor,2,star2_mid_high_common
humour,2,star2_mid_high_common
hundred,1,star1_elementary
hunger,2,star2_mid_high_common
hunt,1,star1_elementary
hurry,1,star1_elementary
hurt,2,star2_mid_high_common
husband,1,star1_elementary
hut,0,none
hypothesis,0,none
I,1,star1_elementary
ice,1,star1_elementary
idea,1,star1_elementary
ideal,0,none
identical,0,none
identity,2,star2_mid_high_common
ideology,0,none
if,1,star1_elementary
ignore,2,star2_mid_high_common
ill,2,star2_mid_high_common
illude,0,none
illustrate,2,star2_mid_high_common
image,1,star1_elementary
imagine,2,star2_mid_high_common
imitate,0,none
immediate,2,star2_mid_high_common
immense,0,none
immigrate,0,none
immune,0,none
impact,0,none
imperial,0,none
implement,0,none
imply,0,none
import,0,none
impose,0,none
impress,2,star2_mid_high_common
improve,2,star2_mid_high_common
in,1,star1_elementary
incentive,0,none
incident,0,none
incline,0,none
include,2,star2_mid_high_common
income,2,star2_mid_high_common
incorporate,0,none
increase,2,star2_mid_high_common
indeed,2,star2_mid_high_common
index,0,none
indicate,2,star2_mid_high_common
individual,2,star2_mid_high_common
induce,0,none
industry,2,star2_mid_high_common
infant,0,none
infect,0,none
infer,0,none
inflate,0,none
influence,2,star2_mid_high_common
inform,2,star2_mid_high_common
ingredient,0,none
inhabit,0,none
inherent,0,none
inhibit,0,none
initial,0,none
inject,0,none
injure,2,star2_mid_high_common
inn,0,none
innocent,2,star2_mid_high_common
innovate,0,none
input,0,none
inquire,0,none
enquire,0,none
insect,0,none
insert,0,none
inside,1,star1_elementary
insight,0,none
insist,2,star2_mid_high_common
inspect,2,star2_mid_high_common
inspire,0,none
install,0,none
instance,2,star2_mid_high_common
instant,2,star2_mid_high_common
instead,2,star2_mid_high_common
instinct,0,none
institute,0,none
instruct,2,star2_mid_high_common
instrument,2,star2_mid_high_common
insult,0,none
insure,2,star2_mid_high_common
integrate,0,none
intellect,0,none
intelligent,0,none
intend,2,star2_mid_high_common
intense,2,star2_mid_high_common
intent,2,star2_mid_high_common
interest,2,star2_mid_high_common
interfere,0,none
interior,0,none
intermediate,0,none
internal,2,star2_mid_high_common
internet,1,star1_elementary
interpret,0,none
interrupt,2,star2_mid_high_common
interval,0,none
intervene,0,none
intimate,0,none
into,1,star1_elementary
intrigue,0,none
introduce,1,star1_elementary
invade,0,none
invent,2,star2_mid_high_common
invest,2,star2_mid_high_common
investigate,2,star2_mid_high_common
invite,1,star1_elementary
involve,2,star2_mid_high_common
iron,2,star2_mid_high_common
irony,0,none
irritate,0,none
island,2,star2_mid_high_common
isolate,0,none
issue,1,star1_elementary
it,1,star1_elementary
item,2,star2_mid_high_common
jacket,1,star1_elementary
jail,0,none
jam,1,star1_elementary
jar,0,none
jaw,2,star2_mid_high_common
jeans,2,star2_mid_high_common
job,1,star1_elementary
jog,0,none
join,1,star1_elementary
joint,0,none
joke,2,star2_mid_high_common
journal,0,none
journey,2,star2_mid_high_common
joy,2,star2_mid_high_common
judge,2,star2_mid_high_common
juice,1,star1_elementary
jump,1,star1_elementary
junior,2,star2_mid_high_common
jury,0,none
just,1,star1_elementary
justice,2,star2_mid_high_common
keen,0,none
keep,1,star1_elementary
key,1,star1_elementary
kick,1,star1_elementary
kid,1,star1_elementary
kill,1,star1_elementary
kind,1,star1_elementary
king,1,star1_elementary
kiss,1,star1_elementary
kit,0,none
kitchen,1,star1_elementary
knee,2,star2_mid_high_common
knife,1,star1_elementary
knight,0,none
knock,2,star2_mid_high_common
knot,0,none
know,1,star1_elementary
knowledge,2,star2_mid_high_common
label,2,star2_mid_high_common
labor,2,star2_mid_high_common
labour,2,star2_mid_high_common
laboratory,2,star2_mid_high_common
lab,2,star2_mid_high_common
lack,2,star2_mid_high_common
ladder,0,none
lady,1,star1_elementary
lake,1,star1_elementary
lamb,2,star2_mid_high_common
lamp,2,star2_mid_high_common
land,1,star1_elementary
landscape,0,none
lane,2,star2_mid_high_common
language,2,star2_mid_high_common
lap,0,none
large,1,star1_elementary
laser,1,star1_elementary
last,1,star1_elementary
late,1,star1_elementary
latter,0,none
laugh,2,star2_mid_high_common
launch,0,none
laundry,0,none
law,2,star2_mid_high_common
lawn,2,star2_mid_high_common
lawyer,2,star2_mid_high_common
lay,2,star2_mid_high_common
lazy,1,star1_elementary
lead,2,star2_mid_high_common
leaf,2,star2_mid_high_common
league,2,star2_mid_high_common
leak,0,none
lean,2,star2_mid_high_common
leap,2,star2_mid_high_common
learn,1,star1_elementary
lease,0,none
leather,0,none
leave,2,star2_mid_high_common
lecture,0,none
left,1,star1_elementary
leg,1,star1_elementary
legal,2,star2_mid_high_common
legend,0,none
legislate,0,none
legitimate,0,none
leisure,0,none
lemon,2,star2_mid_high_common
lend,2,star2_mid_high_common
lesson,1,star1_elementary
let,2,star2_mid_high_common
letter,1,star1_elementary
level,2,star2_mid_high_common
liberal,0,none
liberty,0,none
library,1,star1_elementary
license,2,star2_mid_high_common
licence,2,star2_mid_high_common
lid,2,star2_mid_high_common
lie,1,star1_elementary
life,1,star1_elementary
lift,2,star2_mid_high_common
light,1,star1_elementary
like,1,star1_elementary
likewise,0,none
limit,2,star2_mid_high_common
line,1,star1_elementary
linguistic,0,none
link,2,star2_mid_high_common
lion,1,star1_elementary
lip,1,star1_elementary
liquid,0,none
list,2,star2_mid_high_common
listen,1,star1_elementary
literature,0,none
little,1,star1_elementary
live,1,star1_elementary
livingroom,2,star2_mid_high_common
load,2,star2_mid_high_common
loan,2,star2_mid_high_common
local,2,star2_mid_high_common
locate,2,star2_mid_high_common
lock,2,star2_mid_high_common
log,2,star2_mid_high_common
logic,0,none
lone,0,none
long,1,star1_elementary
look,1,star1_elementary
loose,2,star2_mid_high_common
lose,2,star2_mid_high_common
loss,2,star2_mid_high_common
lot,2,star2_mid_high_common
loud,2,star2_mid_high_common
love,1,star1_elementary
low,1,star1_elementary
loyal,0,none
luck,1,star1_elementary
lump,0,none
lunch,1,star1_elementary
luxury,0,none
machine,2,star2_mid_high_common
mad,1,star1_elementary
magazine,2,star2_mid_high_common
magic,2,star2_mid_high_common
magnet,0,none
magnificent,0,none
mail,1,star1_elementary
main,2,star2_mid_high_common
maintain,2,star2_mid_high_common
major,2,star2_mid_high_common
make,1,star1_elementary
male,2,star2_mid_high_common
man,1,star1_elementary
manage,2,star2_mid_high_common
manifest,0,none
manipulate,0,none
manner,2,star2_mid_high_common
manufacture,2,star2_mid_high_common
many,1,star1_elementary
map,1,star1_elementary
marathon,1,star1_elementary
margin,0,none
marine,0,none
mark,2,star2_mid_high_common
market,1,star1_elementary
marry,1,star1_elementary
marvel,2,star2_mid_high_common
mask,2,star2_mid_high_common
mass,2,star2_mid_high_common
master,2,star2_mid_high_common
match,2,star2_mid_high_common
mate,2,star2_mid_high_common
mathematics,1,star1_elementary
maths,1,star1_elementary
math,1,star1_elementary
matter,2,star2_mid_high_common
mature,0,none
maximum,2,star2_mid_high_common
may,1,star1_elementary
maybe,2,star2_mid_high_common
mayor,0,none
meal,2,star2_mid_high_common
mean,2,star2_mid_high_common
meanwhile,0,none
measure,2,star2_mid_high_common
meat,1,star1_elementary
mechanic,0,none
mechanism,0,none
medal,1,star1_elementary
mediate,0,none
medical,2,star2_mid_high_common
medicine,2,star2_mid_high_common
medieval,0,none
medium,0,none
meet,1,star1_elementary
melon,2,star2_mid_high_common
melt,2,star2_mid_high_common
member,1,star1_elementary
memory,1,star1_elementary
mental,2,star2_mid_high_common
mention,2,star2_mid_high_common
menu,2,star2_mid_high_common
merchant,0,none
mere,0,none
merge,0,none
merit,0,none
mess,2,star2_mid_high_common
message,2,star2_mid_high_common
metal,2,star2_mid_high_common
method,2,star2_mid_high_common
metropolitan,0,none
microphone,0,none
microwave,2,star2_mid_high_common
middle,1,star1_elementary
might,1,star1_elementary
migrate,0,none
mild,0,none
military,2,star2_mid_high_common
milk,1,star1_elementary
mill,2,star2_mid_high_common
million,0,none
mind,1,star1_elementary
mine,0,none
mineral,0,none
minimal,0,none
minimum,0,none
ministry,0,none
minor,2,star2_mid_high_common
minute,2,star2_mid_high_common
miracle,0,none
mirror,2,star2_mid_high_common
miss,1,star1_elementary
missile,0,none
mission,2,star2_mid_high_common
mix,2,star2_mid_high_common
mobile,0,none
mock,0,none
mode,0,none
modify,0,none
model,1,star1_elementary
moderate,0,none
modern,2,star2_mid_high_common
modest,0,none
moist,0,none
molecule,0,none
moment,2,star2_mid_high_common
money,1,star1_elementary
monitor,2,star2_mid_high_common
monkey,1,star1_elementary
monster,0,none
month,1,star1_elementary
monument,0,none
mood,2,star2_mid_high_common
moon,1,star1_elementary
moral,2,star2_mid_high_common
moreover,2,star2_mid_high_common
morning,1,star1_elementary
mortal,0,none
mother,1,star1_elementary
motion,2,star2_mid_high_common
motive,0,none
motor,2,star2_mid_high_common
mount,2,star2_mid_high_common
mountain,1,star1_elementary
mouse,1,star1_elementary
mouth,1,star1_elementary
move,1,star1_elementary
movie,1,star1_elementary
much,1,star1_elementary
mud,2,star2_mid_high_common
multiple,0,none
murder,0,none
muscle,2,star2_mid_high_common
museum,2,star2_mid_high_common
mushroom,2,star2_mid_high_common
music,1,star1_elementary
must,1,star1_elementary
mutual,0,none
mystery,2,star2_mid_high_common
myth,0,none
nail,2,star2_mid_high_common
naive,0,none
naked,0,none
name,1,star1_elementary
narrate,0,none
narrow,2,star2_mid_high_common
nasty,0,none
nation,1,star1_elementary
native,2,star2_mid_high_common
nature,1,star1_elementary
navy,2,star2_mid_high_common
near,1,star1_elementary
neat,2,star2_mid_high_common
necessary,2,star2_mid_high_common
neck,1,star1_elementary
need,1,star1_elementary
needle,0,none
negate,0,none
neglect,0,none
negotiate,0,none
neighbor,2,star2_mid_high_common
neighbour,2,star2_mid_high_common
neither,2,star2_mid_high_common
nephew,0,none
nerve,2,star2_mid_high_common
nest,2,star2_mid_high_common
net,2,star2_mid_high_common
network,0,none
neutral,0,none
never,1,star1_elementary
nevertheless,0,none
new,1,star1_elementary
news,1,star1_elementary
newspaper,1,star1_elementary
next,1,star1_elementary
nice,1,star1_elementary
night,1,star1_elementary
nightmare,0,none
nine,1,star1_elementary
no,1,star1_elementary
nope,1,star1_elementary
nay,1,star1_elementary
noble,0,none
nod,0,none
noise,2,star2_mid_high_common
nominate,0,none
none,2,star2_mid_high_common
nonetheless,0,none
noon,2,star2_mid_high_common
nor,2,star2_mid_high_common
norm,0,none
north,1,star1_elementary
nose,1,star1_elementary
not,1,star1_elementary
note,1,star1_elementary
notebook,1,star1_elementary
nothing,1,star1_elementary
notice,2,star2_mid_high_common
novel,0,none
now,1,star1_elementary
nowadays,2,star2_mid_high_common
nowhere,2,star2_mid_high_common
nuclear,0,none
number,1,star1_elementary
numerous,0,none
nurse,1,star1_elementary
nut,2,star2_mid_high_common
oak,2,star2_mid_high_common
obey,0,none
object,2,star2_mid_high_common
oblige,0,none
observe,2,star2_mid_high_common
obsess,0,none
obtain,0,none
obvious,2,star2_mid_high_common
occasion,2,star2_mid_high_common
occupy,0,none
occur,2,star2_mid_high_common
ocean,2,star2_mid_high_common
odd,2,star2_mid_high_common
of,1,star1_elementary
off,1,star1_elementary
offend,0,none
offer,2,star2_mid_high_common
office,1,star1_elementary
officer,2,star2_mid_high_common
often,1,star1_elementary
oil,1,star1_elementary
okay,1,star1_elementary
okey,1,star1_elementary
OK,1,star1_elementary
old,1,star1_elementary
on,1,star1_elementary
once,2,star2_mid_high_common
one,1,star1_elementary
only,1,star1_elementary
open,1,star1_elementary
opera,2,star2_mid_high_common
operate,2,star2_mid_high_common
opinion,2,star2_mid_high_common
opportune,0,none
oppose,2,star2_mid_high_common
opt,0,none
optimist,0,none
or,1,star1_elementary
oral,0,none
orange,1,star1_elementary
orbit,0,none
orchestra,0,none
order,2,star2_mid_high_common
ordinary,2,star2_mid_high_common
organ,0,none
orient,0,none
origin,0,none
other,2,star2_mid_high_common
otherwise,2,star2_mid_high_common
ought,2,star2_mid_high_common
out,1,star1_elementary
outcome,0,none
outline,0,none
output,0,none
outrage,0,none
outstanding,0,none
oven,2,star2_mid_high_common
over,1,star1_elementary
overall,2,star2_mid_high_common
overcome,0,none
overhead,0,none
overlap,0,none
overlook,0,none
overnight,0,none
oversea,0,none
overseas,0,none
overwhelm,0,none
owe,0,none
own,2,star2_mid_high_common
pace,0,none
pack,2,star2_mid_high_common
pad,0,none
page,1,star1_elementary
pain,2,star2_mid_high_common
paint,1,star1_elementary
pair,2,star2_mid_high_common
palace,2,star2_mid_high_common
pale,0,none
palm,0,none
pan,2,star2_mid_high_common
panel,0,none
panic,2,star2_mid_high_common
pants,1,star1_elementary
paper,1,star1_elementary
parade,2,star2_mid_high_common
paragraph,2,star2_mid_high_common
parallel,0,none
pardon,2,star2_mid_high_common
parent,1,star1_elementary
park,1,star1_elementary
parliament,0,none
part,1,star1_elementary
participate,0,none
particle,0,none
particular,2,star2_mid_high_common
partner,1,star1_elementary
party,1,star1_elementary
pass,1,star1_elementary
passage,0,none
passenger,0,none
passion,0,none
passport,0,none
past,2,star2_mid_high_common
pat,0,none
patch,0,none
patent,0,none
path,2,star2_mid_high_common
patient,2,star2_mid_high_common
pattern,2,star2_mid_high_common
pause,2,star2_mid_high_common
pave,0,none
pay,1,star1_elementary
peace,2,star2_mid_high_common
peak,0,none
pear,2,star2_mid_high_common
peasant,0,none
peel,0,none
peer,0,none
pen,1,star1_elementary
penalty,0,none
pencil,1,star1_elementary
people,1,star1_elementary
pepper,2,star2_mid_high_common
per,2,star2_mid_high_common
perceive,0,none
perfect,2,star2_mid_high_common
perform,2,star2_mid_high_common
perhaps,2,star2_mid_high_common
period,2,star2_mid_high_common
permanent,0,none
permit,0,none
persist,0,none
person,2,star2_mid_high_common
perspective,0,none
persuade,0,none
pet,2,star2_mid_high_common
phase,0,none
phenomenon,0,none
philosophy,0,none
photograph,2,star2_mid_high_common
photo,2,star2_mid_high_common
phrase,0,none
physical,2,star2_mid_high_common
physics,0,none
piano,1,star1_elementary
pick,1,star1_elementary
picnic,2,star2_mid_high_common
picture,1,star1_elementary
pie,2,star2_mid_high_common
piece,2,star2_mid_high_common
pig,1,star1_elementary
pile,2,star2_mid_high_common
pill,0,none
pilot,1,star1_elementary
pin,2,star2_mid_high_common
pinch,0,none
pine,2,star2_mid_high_common
pink,1,star1_elementary
pioneer,0,none
pipe,2,star2_mid_high_common
pitch,2,star2_mid_high_common
pity,2,star2_mid_high_common
pizza,1,star1_elementary
place,1,star1_elementary
plain,2,star2_mid_high_common
plan,1,star1_elementary
plane,2,star2_mid_high_common
planet,2,star2_mid_high_common
plant,2,star2_mid_high_common
plastic,1,star1_elementary
plate,2,star2_mid_high_common
platform,0,none
play,1,star1_elementary
please,1,star1_elementary
plenty,2,star2_mid_high_common
plot,0,none
plus,2,star2_mid_high_common
pocket,2,star2_mid_high_common
poem,2,star2_mid_high_common
poet,2,star2_mid_high_common
point,1,star1_elementary
poison,2,star2_mid_high_common
pole,2,star2_mid_high_common
police,1,star1_elementary
policy,2,star2_mid_high_common
polish,0,none
polite,2,star2_mid_high_common
politics,2,star2_mid_high_common
poll,0,none
pollute,2,star2_mid_high_common
pond,0,none
pool,2,star2_mid_high_common
poor,1,star1_elementary
pop,2,star2_mid_high_common
popular,2,star2_mid_high_common
populate,0,none
pork,2,star2_mid_high_common
port,2,star2_mid_high_common
portion,0,none
portrait,0,none
pose,0,none
posit,0,none
possess,2,star2_mid_high_common
possible,2,star2_mid_high_common
post,2,star2_mid_high_common
pot,2,star2_mid_high_common
potato,1,star1_elementary
potential,2,star2_mid_high_common
pour,2,star2_mid_high_common
powder,2,star2_mid_high_common
power,1,star1_elementary
practical,2,star2_mid_high_common
practice,2,star2_mid_high_common
practise,2,star2_mid_high_common
praise,0,none
pray,2,star2_mid_high_common
preach,0,none
precede,0,none
precise,0,none
predator,0,none
predict,0,none
prefer,2,star2_mid_high_common
pregnant,2,star2_mid_high_common
prejudice,0,none
premium,0,none
prepare,2,star2_mid_high_common
prescribe,0,none
presence,2,star2_mid_high_common
present,1,star1_elementary
preserve,0,none
preside,0,none
press,2,star2_mid_high_common
presume,0,none
pretend,2,star2_mid_high_common
pretty,1,star1_elementary
prevail,0,none
prevent,2,star2_mid_high_common
previous,2,star2_mid_high_common
prey,0,none
price,2,star2_mid_high_common
pride,2,star2_mid_high_common
priest,0,none
prime,2,star2_mid_high_common
primitive,0,none
prince,1,star1_elementary
principal,0,none
principle,2,star2_mid_high_common
print,1,star1_elementary
prior,0,none
prison,2,star2_mid_high_common
privacy,2,star2_mid_high_common
private,2,star2_mid_high_common
privilege,0,none
prize,2,star2_mid_high_common
probable,2,star2_mid_high_common
problem,1,star1_elementary
proceed,2,star2_mid_high_common
process,2,star2_mid_high_common
produce,2,star2_mid_high_common
profession,2,star2_mid_high_common
professor,0,none
profile,0,none
profit,2,star2_mid_high_common
profound,0,none
program,1,star1_elementary
programme,1,star1_elementary
progress,2,star2_mid_high_common
prohibit,0,none
project,1,star1_elementary
prominent,0,none
promise,2,star2_mid_high_common
promote,2,star2_mid_high_common
prompt,0,none
pronounce,2,star2_mid_high_common
proof,0,none
proper,2,star2_mid_high_common
property,2,star2_mid_high_common
proportion,0,none
propose,2,star2_mid_high_common
prospect,0,none
prosper,0,none
protect,2,star2_mid_high_common
protein,0,none
protest,2,star2_mid_high_common
proud,2,star2_mid_high_common
prove,2,star2_mid_high_common
provide,2,star2_mid_high_common
province,0,none
provoke,0,none
psychology,0,none
pub,2,star2_mid_high_common
public,2,star2_mid_high_common
publish,0,none
pull,2,star2_mid_high_common
pump,2,star2_mid_high_common
punch,2,star2_mid_high_common
punish,2,star2_mid_high_common
pupil,0,none
puppy,1,star1_elementary
purchase,2,star2_mid_high_common
pure,2,star2_mid_high_common
purple,2,star2_mid_high_common
purpose,2,star2_mid_high_common
pursue,0,none
push,1,star1_elementary
put,1,star1_elementary
puzzle,2,star2_mid_high_common
quality,2,star2_mid_high_common
quantity,0,none
quarter,2,star2_mid_high_common
queen,1,star1_elementary
question,1,star1_elementary
questionnaire,0,none
quick,1,star1_elementary
quiet,1,star1_elementary
quit,2,star2_mid_high_common
quite,2,star2_mid_high_common
quiz,1,star1_elementary
quote,2,star2_mid_high_common
rabbit,1,star1_elementary
race,1,star1_elementary
radio,1,star1_elementary
rage,0,none
rail,2,star2_mid_high_common
rain,1,star1_elementary
rainbow,2,star2_mid_high_common
raise,2,star2_mid_high_common
rally,0,none
random,0,none
range,2,star2_mid_high_common
rank,0,none
rapid,2,star2_mid_high_common
rare,2,star2_mid_high_common
rat,2,star2_mid_high_common
rate,2,star2_mid_high_common
rather,2,star2_mid_high_common
rational,0,none
raw,0,none
reach,2,star2_mid_high_common
react,2,star2_mid_high_common
read,1,star1_elementary
ready,1,star1_elementary
real,2,star2_mid_high_common
rear,0,none
reason,2,star2_mid_high_common
rebel,0,none
receipt,0,none
receive,2,star2_mid_high_common
recent,2,star2_mid_high_common
recipe,2,star2_mid_high_common
recognize,2,star2_mid_high_common
recommend,2,star2_mid_high_common
record,2,star2_mid_high_common
recover,2,star2_mid_high_common
recreation,1,star1_elementary
recruit,0,none
red,1,star1_elementary
reduce,2,star2_mid_high_common
refer,2,star2_mid_high_common
refine,0,none
reflect,2,star2_mid_high_common
reform,0,none
refrigerate,0,none
refuse,2,star2_mid_high_common
regard,2,star2_mid_high_common
region,2,star2_mid_high_common
register,2,star2_mid_high_common
regret,0,none
regular,2,star2_mid_high_common
regulate,0,none
reinforce,0,none
reject,0,none
relate,2,star2_mid_high_common
relax,2,star2_mid_high_common
release,2,star2_mid_high_common
relevant,0,none
relief,2,star2_mid_high_common
relieve,0,none
religion,0,none
reluctant,0,none
rely,2,star2_mid_high_common
remain,2,star2_mid_high_common
remark,2,star2_mid_high_common
remedy,0,none
remember,1,star1_elementary
remind,2,star2_mid_high_common
remote,0,none
remove,2,star2_mid_high_common
rent,2,star2_mid_high_common
repair,2,star2_mid_high_common
repeat,2,star2_mid_high_common
replace,2,star2_mid_high_common
reply,2,star2_mid_high_common
report,2,star2_mid_high_common
represent,2,star2_mid_high_common
republic,0,none
reputation,0,none
request,2,star2_mid_high_common
require,2,star2_mid_high_common
rescue,0,none
research,2,star2_mid_high_common
resemble,0,none
reserve,2,star2_mid_high_common
reside,0,none
resign,0,none
resist,2,star2_mid_high_common
resolve,0,none
resort,0,none
resource,2,star2_mid_high_common
respect,2,star2_mid_high_common
respond,2,star2_mid_high_common
responsible,2,star2_mid_high_common
rest,2,star2_mid_high_common
restaurant,1,star1_elementary
restore,0,none
restrain,0,none
restrict,0,none
restroom,1,star1_elementary
result,2,star2_mid_high_common
resume,0,none
retail,0,none
retain,0,none
retire,2,star2_mid_high_common
retreat,0,none
return,1,star1_elementary
reveal,0,none
revenge,0,none
reverse,0,none
revise,0,none
revive,0,none
revolution,0,none
reward,0,none
rhythm,0,none
ribbon,1,star1_elementary
rice,2,star2_mid_high_common
rich,1,star1_elementary
rid,0,none
ride,2,star2_mid_high_common
ridicule,0,none
right,1,star1_elementary
ring,1,star1_elementary
riot,0,none
rise,2,star2_mid_high_common
risk,2,star2_mid_high_common
rival,0,none
river,1,star1_elementary
road,1,star1_elementary
roar,0,none
roast,0,none
rob,2,star2_mid_high_common
robot,1,star1_elementary
rock,1,star1_elementary
rocket,2,star2_mid_high_common
rod,0,none
role,2,star2_mid_high_common
roll,2,star2_mid_high_common
romantic,0,none
roof,2,star2_mid_high_common
room,1,star1_elementary
root,2,star2_mid_high_common
rope,2,star2_mid_high_common
rose,1,star1_elementary
rot,0,none
rough,2,star2_mid_high_common
round,2,star2_mid_high_common
route,2,star2_mid_high_common
routine,0,none
row,2,star2_mid_high_common
royal,2,star2_mid_high_common
rub,2,star2_mid_high_common
rude,2,star2_mid_high_common
ruin,2,star2_mid_high_common
rule,2,star2_mid_high_common
rumor,0,none
rumour,0,none
run,1,star1_elementary
rural,0,none
rush,2,star2_mid_high_common
sack,0,none
sacred,0,none
sacrifice,0,none
sad,1,star1_elementary
safe,1,star1_elementary
sail,2,star2_mid_high_common
salad,1,star1_elementary
salary,2,star2_mid_high_common
sale,1,star1_elementary
salt,1,star1_elementary
same,1,star1_elementary
sample,2,star2_mid_high_common
sand,1,star1_elementary
sandwich,1,star1_elementary
satellite,0,none
satisfy,2,star2_mid_high_common
sauce,2,star2_mid_high_common
save,1,star1_elementary
say,1,star1_elementary
scale,2,star2_mid_high_common
scan,0,none
scandal,0,none
scarce,0,none
scare,2,star2_mid_high_common
scarf,2,star2_mid_high_common
scatter,0,none
scene,2,star2_mid_high_common
schedule,2,star2_mid_high_common
scheme,0,none
scholar,0,none
school,1,star1_elementary
science,1,star1_elementary
scissors,1,star1_elementary
scope,0,none
score,1,star1_elementary
scramble,0,none
scratch,2,star2_mid_high_common
scream,2,star2_mid_high_common
screen,2,star2_mid_high_common
screw,0,none
sculpt,0,none
sea,1,star1_elementary
seal,2,star2_mid_high_common
search,2,star2_mid_high_common
season,1,star1_elementary
seat,2,star2_mid_high_common
second,1,star1_elementary
secret,2,star2_mid_high_common
secretary,2,star2_mid_high_common
section,2,star2_mid_high_common
sector,0,none
secure,2,star2_mid_high_common
see,1,star1_elementary
seed,2,star2_mid_high_common
seek,2,star2_mid_high_common
seem,2,star2_mid_high_common
seize,0,none
select,2,star2_mid_high_common
self,2,star2_mid_high_common
sell,1,star1_elementary
send,1,star1_elementary
senior,2,star2_mid_high_common
sense,2,star2_mid_high_common
sensible,0,none
sentence,2,star2_mid_high_common
sentiment,0,none
separate,2,star2_mid_high_common
sequence,0,none
series,2,star2_mid_high_common
serious,2,star2_mid_high_common
serve,2,star2_mid_high_common
service,1,star1_elementary
session,2,star2_mid_high_common
set,1,star1_elementary
settle,2,star2_mid_high_common
seven,1,star1_elementary
several,2,star2_mid_high_common
severe,0,none
sew,2,star2_mid_high_common
sex,2,star2_mid_high_common
shade,2,star2_mid_high_common
shadow,2,star2_mid_high_common
shake,2,star2_mid_high_common
shall,2,star2_mid_high_common
shallow,0,none
shame,2,star2_mid_high_common
shape,2,star2_mid_high_common
share,2,star2_mid_high_common
sharp,2,star2_mid_high_common
shave,2,star2_mid_high_common
she,1,star1_elementary
sheep,2,star2_mid_high_common
sheet,2,star2_mid_high_common
shelf,2,star2_mid_high_common
shell,2,star2_mid_high_common
shelter,2,star2_mid_high_common
shift,2,star2_mid_high_common
shine,2,star2_mid_high_common
ship,1,star1_elementary
shirt,1,star1_elementary
shock,2,star2_mid_high_common
shoe,1,star1_elementary
shoot,2,star2_mid_high_common
shop,1,star1_elementary
shore,2,star2_mid_high_common
short,1,star1_elementary
should,1,star1_elementary
shoulder,2,star2_mid_high_common
shout,2,star2_mid_high_common
show,1,star1_elementary
shower,2,star2_mid_high_common
shut,2,star2_mid_high_common
shy,1,star1_elementary
sick,1,star1_elementary
side,1,star1_elementary
sigh,0,none
sight,2,star2_mid_high_common
sign,2,star2_mid_high_common
silent,0,none
silly,2,star2_mid_high_common
silver,2,star2_mid_high_common
similar,2,star2_mid_high_common
simple,2,star2_mid_high_common
simulate,0,none
simultaneous,0,none
sin,0,none
since,2,star2_mid_high_common
sing,1,star1_elementary
single,2,star2_mid_high_common
sink,2,star2_mid_high_common
sister,1,star1_elementary
sit,1,star1_elementary
site,2,star2_mid_high_common
situate,2,star2_mid_high_common
six,1,star1_elementary
size,1,star1_elementary
skate,1,star1_elementary
ski,1,star1_elementary
skill,2,star2_mid_high_common
skin,1,star1_elementary
skip,0,none
skirt,1,star1_elementary
sky,1,star1_elementary
slave,2,star2_mid_high_common
sleep,1,star1_elementary
slice,0,none
slide,2,star2_mid_high_common
slight,2,star2_mid_high_common
slim,0,none
slip,2,star2_mid_high_common
slope,0,none
slow,1,star1_elementary
small,1,star1_elementary
smart,2,star2_mid_high_common
smash,2,star2_mid_high_common
smell,1,star1_elementary
smile,1,star1_elementary
smoke,2,star2_mid_high_common
smooth,2,star2_mid_high_common
snack,2,star2_mid_high_common
snake,2,star2_mid_high_common
snap,2,star2_mid_high_common
sneak,0,none
snow,1,star1_elementary
so,1,star1_elementary
soak,0,none
soap,0,none
soccer,1,star1_elementary
social,2,star2_mid_high_common
society,2,star2_mid_high_common
sociology,0,none
sock,1,star1_elementary
soft,1,star1_elementary
software,1,star1_elementary
soil,2,star2_mid_high_common
soldier,2,star2_mid_high_common
sole,0,none
solid,2,star2_mid_high_common
solve,2,star2_mid_high_common
some,1,star1_elementary
somewhat,2,star2_mid_high_common
son,1,star1_elementary
song,1,star1_elementary
soon,2,star2_mid_high_common
sophisticate,0,none
sore,2,star2_mid_high_common
sorry,1,star1_elementary
sort,2,star2_mid_high_common
soul,2,star2_mid_high_common
sound,1,star1_elementary
soup,1,star1_elementary
sour,2,star2_mid_high_common
source,2,star2_mid_high_common
south,1,star1_elementary
space,1,star1_elementary
spaghetti,1,star1_elementary
span,0,none
spare,2,star2_mid_high_common
spark,0,none
speak,1,star1_elementary
species,2,star2_mid_high_common
specific,2,star2_mid_high_common
spectacle,0,none
spectrum,0,none
speech,2,star2_mid_high_common
speed,1,star1_elementary
spell,2,star2_mid_high_common
spend,2,star2_mid_high_common
sphere,0,none
spill,0,none
spin,2,star2_mid_high_common
spirit,2,star2_mid_high_common
spit,0,none
splash,0,none
split,0,none
spoil,2,star2_mid_high_common
sponsor,2,star2_mid_high_common
spoon,1,star1_elementary
sport,1,star1_elementary
spot,2,star2_mid_high_common
spouse,0,none
spray,2,star2_mid_high_common
spread,2,star2_mid_high_common
spring,1,star1_elementary
spy,2,star2_mid_high_common
square,2,star2_mid_high_common
squeeze,0,none
stable,2,star2_mid_high_common
stack,0,none
staff,1,star1_elementary
stage,2,star2_mid_high_common
stain,0,none
stairs,2,star2_mid_high_common
stamp,2,star2_mid_high_common
stand,1,star1_elementary
standard,2,star2_mid_high_common
star,1,star1_elementary
stare,2,star2_mid_high_common
start,1,star1_elementary
starve,0,none
state,2,star2_mid_high_common
station,2,star2_mid_high_common
statistic,0,none
statue,0,none
status,0,none
stay,1,star1_elementary
steady,2,star2_mid_high_common
steak,1,star1_elementary
steal,2,star2_mid_high_common
steam,2,star2_mid_high_common
steel,2,star2_mid_high_common
steep,0,none
stem,0,none
step,2,star2_mid_high_common
stick,2,star2_mid_high_common
stiff,0,none
still,2,star2_mid_high_common
stimulate,0,none
stir,2,star2_mid_high_common
stitch,0,none
stock,2,star2_mid_high_common
stomach,2,star2_mid_high_common
stone,1,star1_elementary
stop,1,star1_elementary
store,1,star1_elementary
storm,2,star2_mid_high_common
story,1,star1_elementary
stove,0,none
straight,2,star2_mid_high_common
strain,0,none
strange,2,star2_mid_high_common
strategy,2,star2_mid_high_common
strawberry,2,star2_mid_high_common
stream,2,star2_mid_high_common
street,1,star1_elementary
stress,2,star2_mid_high_common
stretch,2,star2_mid_high_common
strict,0,none
strike,2,star2_mid_high_common
string,2,star2_mid_high_common
strip,0,none
stripe,0,none
stroke,0,none
strong,1,star1_elementary
structure,2,star2_mid_high_common
struggle,2,star2_mid_high_common
studio,2,star2_mid_high_common
study,1,star1_elementary
stuff,2,star2_mid_high_common
style,1,star1_elementary
subject,2,star2_mid_high_common
submarine,0,none
submit,0,none
subscribe,0,none
substance,0,none
substitute,0,none
subtle,0,none
suburb,0,none
subway,1,star1_elementary
succeed,2,star2_mid_high_common
success,2,star2_mid_high_common
such,2,star2_mid_high_common
suck,0,none
sudden,2,star2_mid_high_common
suffer,2,star2_mid_high_common
suffice,0,none
sugar,1,star1_elementary
suggest,2,star2_mid_high_common
suicide,0,none
suit,2,star2_mid_high_common
suite,0,none
sum,2,star2_mid_high_common
summer,1,star1_elementary
summit,0,none
sun,1,star1_elementary
super,2,star2_mid_high_common
superb,0,none
superior,0,none
supervise,0,none
supper,2,star2_mid_high_common
supplement,0,none
supply,2,star2_mid_high_common
support,2,star2_mid_high_common
suppose,2,star2_mid_high_common
sure,1,star1_elementary
surface,2,star2_mid_high_common
surgery,0,none
surprise,2,star2_mid_high_common
surrender,0,none
surround,2,star2_mid_high_common
survey,2,star2_mid_high_common
survive,2,star2_mid_high_common
suspect,2,star2_mid_high_common
suspend,0,none
sustain,0,none
swallow,2,star2_mid_high_common
swear,0,none
sweat,0,none
sweater,2,star2_mid_high_common
sweep,2,star2_mid_high_common
sweet,2,star2_mid_high_common
swell,0,none
swift,0,none
swim,1,star1_elementary
swing,2,star2_mid_high_common
switch,2,star2_mid_high_common
symbol,0,none
sympathy,0,none
symphony,0,none
symptom,0,none
system,2,star2_mid_high_common
table,1,star1_elementary
tackle,0,none
tag,0,none
tail,1,star1_elementary
take,1,star1_elementary
tale,2,star2_mid_high_common
talent,0,none
talk,1,star1_elementary
tall,1,star1_elementary
tank,2,star2_mid_high_common
tap,2,star2_mid_high_common
tape,1,star1_elementary
target,2,star2_mid_high_common
task,0,none
taste,1,star1_elementary
tax,2,star2_mid_high_common
taxi,1,star1_elementary
tea,2,star2_mid_high_common
teach,1,star1_elementary
team,1,star1_elementary
tear,2,star2_mid_high_common
tease,0,none
technique,2,star2_mid_high_common
technic,2,star2_mid_high_common
technology,2,star2_mid_high_common
teenage,2,star2_mid_high_common
telegraph,0,none
telephone,1,star1_elementary
phone,1,star1_elementary
television,1,star1_elementary
tell,1,star1_elementary
temperature,2,star2_mid_high_common
temple,0,none
temporary,0,none
tempt,0,none
ten,1,star1_elementary
tenant,0,none
tend,2,star2_mid_high_common
tender,0,none
tennis,1,star1_elementary
tense,2,star2_mid_high_common
tent,1,star1_elementary
term,2,star2_mid_high_common
terminal,0,none
terminate,0,none
terrace,0,none
terrible,2,star2_mid_high_common
terrific,0,none
territory,0,none
terror,0,none
test,1,star1_elementary
text,2,star2_mid_high_common
textbook,1,star1_elementary
than,1,star1_elementary
thank,1,star1_elementary
that,1,star1_elementary
the,1,star1_elementary
theater,2,star2_mid_high_common
theatre,2,star2_mid_high_common
theme,0,none
then,2,star2_mid_high_common
theory,2,star2_mid_high_common
therapy,0,none
there,1,star1_elementary
therefore,2,star2_mid_high_common
they,1,star1_elementary
thick,2,star2_mid_high_common
thief,2,star2_mid_high_common
thin,2,star2_mid_high_common
thing,1,star1_elementary
think,1,star1_elementary
third,1,star1_elementary
thirst,1,star1_elementary
thirteen,1,star1_elementary
thirty,1,star1_elementary
this,1,star1_elementary
thorough,0,none
though,2,star2_mid_high_common
thousand,2,star2_mid_high_common
thread,0,none
threat,2,star2_mid_high_common
three,1,star1_elementary
thrill,0,none
throat,2,star2_mid_high_common
through,2,star2_mid_high_common
throw,2,star2_mid_high_common
thumb,0,none
thus,2,star2_mid_high_common
tick,0,none
ticket,1,star1_elementary
tide,2,star2_mid_high_common
tie,2,star2_mid_high_common
tiger,1,star1_elementary
tight,2,star2_mid_high_common
till,2,star2_mid_high_common
timber,0,none
time,1,star1_elementary
tin,2,star2_mid_high_common
tiny,2,star2_mid_high_common
tip,2,star2_mid_high_common
tire,1,star1_elementary
tissue,0,none
title,2,star2_mid_high_common
to,1,star1_elementary
toast,2,star2_mid_high_common
today,1,star1_elementary
toe,2,star2_mid_high_common
together,1,star1_elementary
toilet,2,star2_mid_high_common
tomato,1,star1_elementary
tomorrow,1,star1_elementary
tone,2,star2_mid_high_common
tongue,2,star2_mid_high_common
tonight,1,star1_elementary
too,1,star1_elementary
tool,2,star2_mid_high_common
tooth,1,star1_elementary
top,1,star1_elementary
topic,2,star2_mid_high_common
torture,0,none
toss,0,none
total,2,star2_mid_high_common
touch,1,star1_elementary
tough,2,star2_mid_high_common
tour,2,star2_mid_high_common
toward,2,star2_mid_high_common
towards,2,star2_mid_high_common
towel,2,star2_mid_high_common
tower,2,star2_mid_high_common
town,1,star1_elementary
toxic,0,none
toy,1,star1_elementary
trace,2,star2_mid_high_common
track,1,star1_elementary
trade,2,star2_mid_high_common
tradition,2,star2_mid_high_common
traffic,2,star2_mid_high_common
tragic,0,none
trail,0,none
train,1,star1_elementary
transact,0,none
transfer,2,star2_mid_high_common
transform,0,none
transition,0,none
translate,0,none
transmit,0,none
transport,2,star2_mid_high_common
trap,2,star2_mid_high_common
travel,1,star1_elementary
tray,2,star2_mid_high_common
treasure,0,none
treat,2,star2_mid_high_common
treaty,0,none
tree,1,star1_elementary
tremendous,0,none
trend,0,none
triangle,2,star2_mid_high_common
tribe,0,none
trick,2,star2_mid_high_common
trigger,0,none
trim,0,none
trip,1,star1_elementary
triumph,0,none
troop,0,none
trouble,2,star2_mid_high_common
truck,1,star1_elementary
true,1,star1_elementary
trunk,2,star2_mid_high_common
trust,2,star2_mid_high_common
truth,2,star2_mid_high_common
try,1,star1_elementary
tube,0,none
tune,2,star2_mid_high_common
tunnel,0,none
turn,1,star1_elementary
turnover,0,none
twelve,1,star1_elementary
twenty,1,star1_elementary
twenty-first,1,star1_elementary
twenty-second,1,star1_elementary
twenty-third,1,star1_elementary
twice,1,star1_elementary
twin,2,star2_mid_high_common
twist,2,star2_mid_high_common
two,1,star1_elementary
type,1,star1_elementary
ugly,1,star1_elementary
ultimate,0,none
umbrella,1,star1_elementary
uncle,1,star1_elementary
under,1,star1_elementary
undergo,0,none
underlie,0,none
undermine,0,none
understand,1,star1_elementary
undertake,0,none
uniform,2,star2_mid_high_common
unify,0,none
unique,0,none
unit,2,star2_mid_high_common
unite,2,star2_mid_high_common
universe,0,none
university,2,star2_mid_high_common
unless,2,star2_mid_high_common
until,2,star2_mid_high_common
up,1,star1_elementary
update,0,none
upon,2,star2_mid_high_common
upper,2,star2_mid_high_common
upset,2,star2_mid_high_common
upward,0,none
upwards,0,none
urban,0,none
urge,0,none
use,1,star1_elementary
utilize,0,none
utilise,0,none
utter,0,none
vacate,0,none
vaccine,0,none
vacuum,0,none
vague,0,none
valid,0,none
valley,2,star2_mid_high_common
value,2,star2_mid_high_common
van,2,star2_mid_high_common
vanish,0,none
various,2,star2_mid_high_common
vary,2,star2_mid_high_common
vast,0,none
vegetable,1,star1_elementary
vehicle,2,star2_mid_high_common
venture,0,none
verb,0,none
verse,0,none
version,2,star2_mid_high_common
versus,0,none
vertical,0,none
very,1,star1_elementary
vessel,0,none
veterinarian,0,none
via,0,none
vice,0,none
victim,2,star2_mid_high_common
victory,0,none
video,1,star1_elementary
view,2,star2_mid_high_common
vigor,0,none
villa,2,star2_mid_high_common
village,2,star2_mid_high_common
violent,2,star2_mid_high_common
violin,1,star1_elementary
virgin,0,none
virtue,0,none
virus,0,none
visible,0,none
vision,2,star2_mid_high_common
visit,1,star1_elementary
visual,0,none
vital,0,none
vivid,0,none
vocabulary,0,none
vocation,0,none
voice,1,star1_elementary
volume,2,star2_mid_high_common
volunteer,2,star2_mid_high_common
vote,2,star2_mid_high_common
wage,2,star2_mid_high_common
wait,1,star1_elementary
wake,1,star1_elementary
walk,1,star1_elementary
wall,1,star1_elementary
wander,0,none
want,1,star1_elementary
war,1,star1_elementary
warehouse,0,none
warm,1,star1_elementary
warn,2,star2_mid_high_common
warrant,0,none
wash,1,star1_elementary
waste,2,star2_mid_high_common
watch,1,star1_elementary
water,1,star1_elementary
watermelon,1,star1_elementary
wave,2,star2_mid_high_common
way,1,star1_elementary
we,1,star1_elementary
weak,2,star2_mid_high_common
wealth,0,none
weapon,2,star2_mid_high_common
wear,1,star1_elementary
weather,1,star1_elementary
weave,0,none
website,1,star1_elementary
wedding,1,star1_elementary
weed,0,none
week,1,star1_elementary
weekend,1,star1_elementary
weigh,2,star2_mid_high_common
weight,1,star1_elementary
weird,0,none
welcome,1,star1_elementary
welfare,0,none
well,1,star1_elementary
west,1,star1_elementary
wet,1,star1_elementary
whale,2,star2_mid_high_common
what,1,star1_elementary
wheat,0,none
wheel,2,star2_mid_high_common
when,1,star1_elementary
where,1,star1_elementary
whereas,0,none
whether,2,star2_mid_high_common
which,2,star2_mid_high_common
while,2,star2_mid_high_common
whip,0,none
whisper,2,star2_mid_high_common
whistle,2,star2_mid_high_common
white,1,star1_elementary
who,1,star1_elementary
whole,2,star2_mid_high_common
why,1,star1_elementary
wicked,0,none
wide,2,star2_mid_high_common
wife,1,star1_elementary
wild,2,star2_mid_high_common
will,1,star1_elementary
win,1,star1_elementary
wind,1,star1_elementary
window,1,star1_elementary
wine,1,star1_elementary
wing,2,star2_mid_high_common
winter,1,star1_elementary
wipe,2,star2_mid_high_common
wire,2,star2_mid_high_common
wise,2,star2_mid_high_common
wish,1,star1_elementary
wit,0,none
with,1,star1_elementary
withdraw,0,none
within,2,star2_mid_high_common
without,2,star2_mid_high_common
witness,0,none
woman,1,star1_elementary
wonder,2,star2_mid_high_common
wood,1,star1_elementary
wool,2,star2_mid_high_common
word,1,star1_elementary
work,1,star1_elementary
world,1,star1_elementary
worry,1,star1_elementary
worship,0,none
worth,2,star2_mid_high_common
would,2,star2_mid_high_common
wound,2,star2_mid_high_common
wrap,2,star2_mid_high_common
wreck,0,none
write,1,star1_elementary
wrong,1,star1_elementary
year,1,star1_elementary
yell,2,star2_mid_high_common
yellow,1,star1_elementary
yes,1,star1_elementary
yeah,1,star1_elementary
yep,1,star1_elementary
yesterday,1,star1_elementary
yet,2,star2_mid_high_common
yield,0,none
you,1,star1_elementary
young,1,star1_elementary
zebra,2,star2_mid_high_common
zero,2,star2_mid_high_common
zone,0,none
zoo,1,star1_elementary
